date,close_price,day_1_pred,day_2_pred,day_3_pred,day_4_pred,day_5_pred,day_6_pred,day_7_pred,day_8_pred,day_9_pred,day_10_pred,day_11_pred,day_12_pred,day_13_pred
1/1/2018,191.96,,,,,,,,,,,,,
1/2/2018,201.07,192.335,,,,,,,,,,,,
1/3/2018,205.05,188.375,188.375,,,,,,,,,,,
1/4/2018,205.63,186.675,186.675,190.43,,,,,,,,,,
1/5/2018,209.99,193,193,193,193,,,,,,,,,
1/6/2018,209.99,194.545,203.06,192.555,188.375,188.375,,,,,,,,
1/7/2018,209.99,190.39,190.39,189.38,192.335,190.95,192.335,,,,,,,
1/8/2018,212.05,207.52,194.945,198.88,203.06,196.89,192.335,192.335,,,,,,
1/9/2018,209.31,206.56,195.505,196.515,196.89,195.505,196.89,192.335,192.335,,,,,
1/10/2018,212.52,196.89,205.34,207.52,196.89,196.6,205.34,190.43,190.43,190.43,,,,
1/11/2018,217.24,198.115,193.655,195.645,195.645,193.655,195.645,195.645,193.655,189.475,189.475,,,
1/12/2018,221.23,196.6,200.335,196.89,205.34,207.52,196.89,196.6,205.34,190.43,190.43,190.43,,
1/13/2018,221.23,189.49,196.515,194.045,196.515,196.515,194.325,196.515,196.515,194.325,196.515,192.335,192.335,
1/14/2018,221.23,202.38,211.02,201.35,211.02,201.35,200.435,190.95,190.39,192.335,190.39,192.335,192.335,192.335
1/15/2018,221.23,205.585,190.95,200.975,200.975,200.975,200.975,190.95,191.96,191.96,191.96,191.96,189.86,189.86
1/16/2018,221.53,192.845,192.845,195.4,192.845,192.845,192.845,192.845,195.4,192.845,192.845,195.4,195.4,195.4
1/17/2018,217.5,194.8,194.8,194.8,194.8,194.8,194.8,204.585,193.38,193.38,193.38,193.38,193.38,193.38
1/18/2018,220.33,204.405,204.405,204.405,204.405,203.265,186.92,186.92,184.67,186.44,186.44,186.44,186.44,186.44
1/19/2018,220.46,186.29,186.29,186.29,186.29,186.29,186.29,186.29,186.29,186.29,186.29,186.29,186.29,186.29
1/20/2018,220.46,185.465,185.465,185.465,185.465,185.465,185.465,184.62,184.62,184.62,184.62,184.62,184.62,184.62
1/21/2018,220.46,195.4,195.4,195.4,195.4,195.4,195.4,195.4,195.4,195.4,195.4,195.4,195.4,195.4
1/22/2018,227.58,197.115,194.65,192.7,192.7,194.65,194.65,194.65,194.65,188.17,192.585,192.585,192.585,190.635
1/23/2018,250.29,187.925,187.925,187.925,187.925,187.925,187.925,187.925,187.925,187.925,187.925,187.925,187.925,187.925
1/24/2018,261.3,219.415,208.06,189.33,189.33,189.33,189.33,190.12,190.12,189.84,189.84,189.84,189.84,189.84
1/25/2018,269.7,238.935,219.415,208.06,187.135,189.33,187.38,187.38,189.33,189.33,189.33,189.33,188.17,189.33
1/26/2018,274.6,259.995,218.01,218.01,186.275,186.275,186.275,186.275,186.275,186.275,186.275,186.275,186.275,186.275
1/27/2018,274.6,272.15,259.995,218.01,218.01,206.655,186.795,187.925,186.795,186.795,187.925,187.925,187.925,187.925
1/28/2018,274.6,190.25,224.92,226.63,226.63,219.415,187.39,187.39,189.33,189.33,189.33,190.12,190.12,190.12
1/29/2018,284.59,274.6,274.6,272.15,259.995,218.01,218.01,206.655,186.275,187.925,186.275,186.275,186.275,186.275
1/30/2018,278.8,279.595,274.6,272.15,272.15,259.995,238.935,218.01,206.655,187.135,187.925,187.135,187.135,187.925
1/31/2018,270.3,274.25,272.15,274.6,272.15,272.15,259.995,238.935,219.415,208.06,187.135,189.33,187.38,187.38
2/1/2018,265.07,274.55,281.695,279.595,274.6,274.6,272.15,259.995,255.795,218.01,206.655,187.925,187.925,187.925
2/2/2018,267.43,271.935,281.695,281.695,279.595,274.6,274.6,272.15,259.995,255.795,218.01,206.655,186.275,187.925
2/3/2018,267.43,266.25,271.935,281.695,281.695,279.595,274.6,274.6,272.15,259.995,255.795,218.01,206.655,187.925
2/4/2018,267.43,270,270,274.55,274.55,274.25,272.15,251.09,272.15,272.15,248.64,238.935,219.415,208.06
2/5/2018,254.26,208.105,208.105,208.105,208.105,208.105,208.105,208.105,195.4,208.105,208.105,195.4,208.105,208.105
2/6/2018,265.72,268.865,267.685,267.685,267.685,267.685,274.55,274.25,272.15,274.6,272.15,272.15,259.995,255.795
2/7/2018,264.56,224.655,207.755,224.02,224.02,224.02,224.02,224.02,224.02,207.755,211.315,207.755,224.02,248.64
2/8/2018,250.1,237.895,237.895,208.64,208.105,208.64,208.64,208.64,208.64,208.64,208.105,195.4,208.64,208.105
2/9/2018,249.47,237.895,237.895,237.895,208.64,208.105,208.64,208.64,208.64,208.64,208.64,208.105,195.4,220.995
2/10/2018,249.47,235.815,235.815,237.895,237.895,208.64,208.105,208.64,208.64,208.64,208.64,208.64,208.105,195.4
2/11/2018,249.47,242.51,242.51,259.41,259.41,260.845,243.945,243.945,224.02,224.02,224.02,224.02,224.02,208.105
2/12/2018,257.95,268.865,267.43,267.43,267.43,268.865,268.865,268.865,268.865,267.685,267.685,267.685,274.55,274.25
2/13/2018,258.27,251.865,257.015,257.015,242.51,259.41,259.41,260.845,243.945,243.945,245.38,245.38,245.38,245.38
2/14/2018,266,253.71,258.45,265.995,267.43,267.43,267.43,265.995,268.865,268.865,268.865,267.685,267.685,267.685
2/15/2018,280.27,253.87,253.71,251.865,257.015,257.015,242.51,259.41,259.41,260.845,243.945,243.945,245.38,245.38
2/16/2018,278.52,257.735,253.87,253.71,251.865,257.015,257.015,242.51,259.41,259.41,260.845,268.865,268.865,245.38
2/17/2018,278.52,262.135,261.975,258.11,253.71,258.45,265.995,267.43,267.43,267.43,265.995,268.865,268.865,268.865
2/18/2018,278.52,268.395,269.27,257.735,253.87,253.71,251.865,257.015,257.015,242.51,259.41,259.41,260.845,243.945
2/19/2018,278.52,274.41,268.15,261.975,261.975,264.125,264.125,268.865,268.865,268.01,267.685,267.685,268.865,268.865
2/20/2018,278.55,272.975,272.975,272.26,261.975,261.975,258.11,253.71,258.45,268.865,268.01,268.01,268.01,268.865
2/21/2018,281.04,261.975,278.52,272.12,272.26,261.975,261.975,258.11,253.71,257.595,268.865,268.01,268.01,268.01
2/22/2018,278.14,278.535,268.235,268.865,272.975,266.715,261.975,261.975,262.69,262.69,268.865,268.865,268.01,267.685
2/23/2018,285.93,278.345,278.535,268.235,268.865,272.975,266.715,261.975,261.975,262.69,262.69,268.865,268.865,268.01
2/24/2018,285.93,268.25,278.345,268.25,268.235,268.865,268.865,266.715,261.975,261.975,262.69,262.69,268.865,268.865
2/25/2018,285.93,282.035,282.035,278.33,278.535,268.235,268.865,268.865,268.15,261.975,261.975,264.125,264.125,267.685
2/26/2018,294.16,268.25,268.25,268.25,278.345,268.25,261.975,268.395,272.975,272.26,261.975,261.975,258.11,253.71
2/27/2018,290.61,282.035,282.035,282.035,282.035,278.33,274.41,274.41,268.865,268.865,267.685,268.865,267.685,267.685
2/28/2018,291.38,288.27,282.035,282.035,282.035,282.035,278.345,268.25,268.235,268.865,268.865,268.865,262.69,262.69
3/1/2018,290.39,288.27,284.375,282.035,282.035,282.035,282.035,278.33,278.535,274.41,268.865,268.865,267.685,264.125
3/2/2018,301.05,290.995,288.27,284.375,282.035,282.035,282.035,282.035,278.33,278.535,274.41,268.865,268.865,267.685
3/3/2018,301.05,284.76,288.655,282.225,282.035,282.035,282.035,282.035,282.035,278.33,278.535,268.235,268.865,268.865
3/4/2018,301.05,268.25,271.94,276.055,276.055,290.045,276.055,271.94,271.94,268.25,272.275,268.25,261.975,272.975
3/5/2018,315,282.225,282.035,282.035,282.225,282.225,278.33,282.035,282.035,282.035,282.035,278.33,278.535,268.235
3/6/2018,325.22,296.76,282.225,282.035,282.035,282.225,282.225,278.33,282.035,282.035,282.035,282.035,278.33,278.535
3/7/2018,321.16,320.11,282.035,282.035,282.035,282.035,278.535,278.535,282.035,282.035,282.035,282.035,282.035,278.33
3/8/2018,317,301.87,305.575,282.225,282.225,282.035,282.035,282.225,282.225,278.33,282.035,282.035,282.035,282.035
3/9/2018,331.44,276.055,276.055,286.355,280.08,276.055,272.275,272.275,286.355,280.08,280.08,280.08,272.275,282.24
3/10/2018,331.44,321.11,301.87,301.87,305.575,282.225,282.225,282.035,282.035,282.225,282.225,278.33,282.035,282.035
3/11/2018,331.44,320.11,301.87,301.87,301.87,320.11,296.76,278.33,282.035,282.035,282.225,282.225,278.33,282.035
3/12/2018,321.3,236.5,236.5,228.98,277.82,277.82,279.78,267.95,278.52,277.82,279.78,277.82,276.56,272.26
3/13/2018,315.88,326.3,323.19,323.19,301.87,301.87,301.87,320.11,296.76,278.33,282.035,282.035,282.225,282.225
3/14/2018,321.55,324.22,324.22,324.22,324.22,321.11,301.87,301.87,305.575,282.225,282.225,282.035,282.035,282.225
3/15/2018,321.09,331.44,328.33,331.44,328.33,328.33,321.11,323.19,301.87,320.11,278.33,278.33,282.035,282.035
3/16/2018,318.45,326.265,331.44,331.44,331.44,331.44,324.22,321.11,323.19,301.87,305.575,282.225,282.225,282.035
3/17/2018,318.45,326.3,293.58,293.58,326.3,326.3,326.3,326.3,326.3,323.19,309.69,301.885,272.275,290.045
3/18/2018,318.45,319.275,317.725,324.22,326.495,324.22,324.22,324.22,324.22,321.11,301.87,301.87,305.575,282.225
3/19/2018,313.48,321.125,319.805,321.125,321.125,326.3,318.52,326.3,326.3,323.19,323.19,323.19,301.68,320.11
3/20/2018,317.5,324.945,320,319.275,317.725,324.22,326.495,324.22,324.22,324.22,324.22,321.11,301.87,301.87
3/21/2018,316.48,319.805,317.285,321.125,319.805,321.125,321.125,326.3,323.19,326.3,323.19,323.19,323.19,323.19
3/22/2018,306.7,317.975,317.975,318.45,320,320,317.725,324.22,326.495,324.22,324.22,324.22,324.22,321.11
3/23/2018,300.94,301.17,236.5,297.95,277.82,271.17,271.17,256.63,256.63,256.63,258.59,256.63,303.13,303.13
3/24/2018,300.94,322.46,317.465,317.465,292.225,322.46,298.72,324.945,326.3,293.58,293.58,326.3,326.3,326.3
3/25/2018,300.94,316.99,312.1,311.59,316.99,317.975,319.77,319.77,320,319.77,323.155,326.495,328.33,331.44
3/26/2018,320.35,317.465,309.695,322.46,317.465,317.465,292.225,322.46,304.98,324.945,304.98,272.26,272.26,304.98
3/27/2018,300.69,320.72,308.71,308.71,315.965,314.98,317.465,318.45,317.285,323.155,318.45,319.77,323.155,326.3
3/28/2018,285.77,300.815,313.525,308.71,308.71,312.1,311.59,316.99,317.975,319.77,319.77,320,319.77,323.155
3/29/2018,295.35,293.355,309.095,312.575,303.82,316.99,312.1,311.59,316.99,317.975,319.77,319.77,320,319.77
3/30/2018,295.35,300.815,293.355,300.815,313.525,308.71,308.71,310.09,311.59,317.465,317.975,317.285,319.77,318.45
3/31/2018,295.35,278.52,299.435,289.73,299.435,299.435,278.52,278.52,305.855,299.36,299.36,279.395,278.52,278.52
4/1/2018,295.35,307.85,289.73,299.435,289.73,310.645,299.435,298.485,289.73,298.72,324.945,324.945,298.485,304.98
4/2/2018,280.29,300.815,298.145,298.145,300.815,293.355,310.89,312.575,308.71,317.465,312.1,311.59,316.99,317.975
4/3/2018,283.67,290.615,300.815,300.815,300.815,300.815,293.355,310.89,313.895,308.71,317.465,310.09,311.59,317.465
4/4/2018,288.94,281.98,290.615,300.815,300.815,300.815,300.815,293.355,310.89,313.895,308.71,317.465,312.575,311.59
4/5/2018,293.97,292.18,292.18,308.585,300.815,298.02,308.585,300.815,308.71,300.815,320.72,308.71,308.71,315.965
4/6/2018,288.85,290.56,292.145,301.025,290.56,290.56,293.355,301.025,290.56,293.355,309.095,312.575,303.82,316.99
4/7/2018,288.85,297.33,286.305,294.815,292.18,300.815,300.815,300.815,300.815,300.815,308.71,307.085,313.895,308.71
4/8/2018,288.85,290.615,290.615,281.98,281.98,281.98,290.615,300.815,300.815,300.815,300.815,293.355,310.89,313.895
4/9/2018,289.93,295.35,295.35,295.35,286.935,307.85,307.85,286.935,295.35,307.85,289.73,299.435,289.73,299.435
4/10/2018,298.07,288.895,288.895,284.615,290.49,284.615,284.615,281.98,290.49,300.815,300.815,300.815,300.815,309.695
4/11/2018,303.67,314.98,314.98,314.98,314.98,314.98,306.21,308.585,308.585,308.585,309.57,309.57,314.98,307.085
4/12/2018,309.25,307.785,307.785,317.975,312.1,312.1,317.975,312.575,314.125,314.125,317.975,317.725,317.725,312.1
4/13/2018,311.65,286.935,292.64,292.64,292.64,286.935,286.935,286.935,298.485,309.695,309.695,313.395,306.9,309.695
4/14/2018,311.65,288.82,297.33,297.33,297.33,297.33,297.33,297.33,297.33,288.82,292.18,292.18,290.49,300.815
4/15/2018,311.65,304.97,309.58,309.58,293.46,293.46,302.665,304.97,304.97,318.785,319.77,317.465,317.465,318.785
4/16/2018,307.78,319.77,326.265,326.265,319.77,328.33,328.33,328.33,319.77,319.77,319.77,319.77,324.945,324.945
4/17/2018,336.06,307.975,307.975,313.85,312.575,307.975,317.975,317.975,317.975,312.575,312.575,317.975,312.575,314.125
4/18/2018,334.52,310.075,317.285,314.98,312.38,314.98,310.075,314.98,314.98,314.98,314.98,314.98,314.98,321.125
4/19/2018,332.7,308.575,310.075,317.32,308.575,311.06,308.575,310.075,308.575,314.98,314.98,314.98,314.98,314.98
4/20/2018,327.77,327.255,327.255,319.525,319.525,320,319.525,320,319.525,319.525,319.525,319.525,317.975,317.975
4/21/2018,327.77,319.35,318.52,318.52,300.905,318.52,318.52,318.52,300.905,318.52,318.52,318.52,318.52,318.52
4/22/2018,327.77,320,320,317.725,317.725,320,319.525,320,320,320,320,320,320,320
4/23/2018,318.69,294.895,294.895,294.895,294.895,294.895,294.895,294.895,294.895,294.895,307.035,284.945,294.895,294.895
4/24/2018,307.02,314.98,324,324,324,324,324,310.075,317.285,314.98,312.38,314.98,310.075,314.98
4/25/2018,305.76,316.5,323.155,316.5,323.155,316.5,323.155,316.5,316.5,316.5,323.155,323.155,323.155,323.155
4/26/2018,313.98,256.63,256.63,256.63,311.12,311.12,311.12,311.12,311.12,311.12,311.12,311.12,311.12,297.95
4/27/2018,311.76,314.435,319.77,314.435,319.77,314.435,319.77,314.435,319.77,314.435,314.435,314.435,319.77,326.265
4/28/2018,311.76,327.255,321.38,327.255,317.975,327.255,317.975,327.255,327.255,327.255,327.255,327.255,312.1,312.575
4/29/2018,311.76,310.075,310.075,310.075,310.075,325.5,324.59,310.075,318.185,318.185,310.075,310.075,310.075,301.165
4/30/2018,312.46,300.295,304.86,304.86,304.86,300.295,286.305,304.86,288.895,304.86,293.505,300.25,299.05,304.86
5/1/2018,313.3,310.645,306.35,310.645,310.645,298.82,310.645,310.645,310.645,310.645,312.01,312.01,302.305,302.305
5/2/2018,313.36,293.46,293.46,299.05,293.46,293.46,293.46,284.57,284.57,303.66,299.05,303.66,303.66,299.05
5/3/2018,311.69,305.715,293.46,293.46,284.57,293.46,293.46,293.46,284.57,284.57,293.46,284.57,293.46,293.46
5/4/2018,320.09,319.4,310.645,312.01,310.645,310.645,310.645,310.645,325.575,310.645,310.645,310.645,310.645,319.4
5/5/2018,320.09,269.27,269.27,269.27,279.395,279.395,279.395,269.27,269.27,264.87,269.27,269.27,269.27,279.395
5/6/2018,320.09,301.075,301.075,304.6,304.6,301.075,304.6,304.6,304.6,304.6,284.945,304.6,304.6,304.6
5/7/2018,326.26,307.72,307.72,292.64,292.64,285.1,292.64,292.64,292.64,285.1,285.1,292.64,285.1,285.1
5/8/2018,326.89,292.64,292.64,292.64,292.64,292.64,292.64,292.64,292.64,292.64,292.64,292.64,292.64,292.64
5/9/2018,330.3,307.16,307.16,307.16,307.16,307.16,307.16,307.16,307.16,307.16,307.16,307.16,307.16,291.41
5/10/2018,329.6,302.81,297.33,302.81,302.81,302.81,297.33,297.33,297.33,302.81,297.33,297.33,294.66,294.66
5/11/2018,326.46,320.625,303.5,298.02,303.5,303.5,306.17,297.33,298.02,298.02,303.5,298.02,298.02,294.66
5/12/2018,326.46,310.515,310.515,315.62,307.16,320.22,310.645,310.515,310.515,307.16,310.645,307.16,310.645,310.645
5/13/2018,326.46,310.075,310.075,310.075,310.075,310.075,310.075,310.075,310.075,310.075,310.075,310.075,310.075,310.075
5/14/2018,328.53,303.5,303.5,303.5,303.5,303.5,303.5,300.79,300.79,303.5,303.5,303.5,303.5,303.5
5/15/2018,326.13,304.47,319.39,319.39,303.77,304.47,304.47,319.39,319.39,319.39,303.77,303.77,303.77,303.77
5/16/2018,328.19,312.525,310.47,312.525,312.525,312.525,312.525,312.525,311.305,310.47,312.525,305.715,310.47,310.47
5/17/2018,325.22,293.46,293.46,293.46,293.46,293.46,293.46,293.46,293.46,293.46,293.46,293.46,293.46,293.46
5/18/2018,324.18,307.035,294.815,294.77,288.895,307.655,288.85,288.85,294.77,294.77,294.77,288.895,294.77,294.77
5/19/2018,324.18,303.77,303.77,303.77,303.77,297.775,303.77,303.77,303.77,300.655,287.31,303.77,303.77,303.77
5/20/2018,324.18,300.7,301.15,300.7,301.15,300.7,300.7,312.91,310.03,312.91,300.7,301.15,300.7,300.7
5/21/2018,331.82,306.515,306.515,306.515,288.895,307.7,288.895,288.895,307.655,300.25,300.25,288.895,288.895,288.895
5/22/2018,331.62,305.715,303.66,312.525,312.525,305.715,312.525,312.525,304.88,312.525,312.525,312.525,312.525,312.525
5/23/2018,344.72,322.49,307.15,312.56,320.775,320.775,304.355,320.775,312.525,306.315,312.525,312.525,312.525,312.525
5/24/2018,349.29,294.77,294.77,300.25,306.17,294.77,300.25,300.25,306.17,306.17,284.57,300.25,300.25,300.25
5/25/2018,351.29,336.455,338.17,322.49,320.565,307.975,320.775,320.775,311.305,320.775,312.525,310.47,312.525,312.525
5/26/2018,351.29,302.81,311.785,328.03,328.03,328.03,328.03,328.03,328.03,310.215,328.03,310.215,328.03,328.03
5/27/2018,351.29,309.765,290.56,290.56,309.765,309.765,309.765,309.765,290.56,290.56,290.56,290.56,290.56,290.56
5/28/2018,351.29,310.905,310.905,322.32,330.47,303.375,310.905,319.055,310.905,310.905,310.905,319.055,319.055,310.905
5/29/2018,349.73,290.56,308.795,308.795,308.795,308.795,308.795,308.795,308.795,290.56,290.56,290.56,290.56,290.56
5/30/2018,353.54,340.775,287.31,308.795,308.795,308.795,308.795,308.795,308.795,308.795,287.31,287.31,287.31,287.31
5/31/2018,351.6,298.145,298.145,298.145,298.145,298.145,298.145,298.145,298.145,298.145,298.145,298.145,289.51,298.145
6/1/2018,359.93,319.055,331.47,338.875,338.875,319.055,338.875,330.47,330.47,328.03,328.03,319.055,319.055,328.03
6/2/2018,359.93,319.29,306.515,320.07,306.515,306.515,306.515,306.515,306.515,307.49,306.515,306.515,306.515,306.515
6/3/2018,359.93,328.03,344.765,310.215,311.785,338.875,340.445,328.03,340.445,302.81,311.785,328.03,328.03,328.03
6/4/2018,361.81,317.75,290.56,317.75,317.75,290.56,317.75,290.56,290.56,290.56,290.56,290.56,290.56,290.56
6/5/2018,365.8,346.815,319.29,342.68,342.68,342.68,321.195,340.775,300.25,310.335,310.335,310.335,310.335,310.335
6/6/2018,367.45,284.57,284.57,284.57,284.57,284.57,284.57,284.57,284.57,290.615,290.615,290.615,290.615,290.615
6/7/2018,361.4,348.05,348.05,311.785,345.115,344.765,329.95,312.135,311.785,312.135,311.785,311.785,312.135,302.81
6/8/2018,360.57,290.615,323.87,290.615,290.615,290.615,290.615,290.615,290.615,290.615,290.615,290.615,290.615,290.615
6/9/2018,360.57,327.96,298.145,298.145,298.145,298.145,290.615,326.115,298.145,326.115,326.115,326.115,298.145,298.145
6/10/2018,360.57,290.56,323.79,323.79,323.79,323.79,323.79,290.56,290.56,290.56,290.56,290.56,290.56,290.56
6/11/2018,361.45,323.11,307.49,323.11,304.47,324.39,324.39,323.11,323.11,324.39,307.49,304.47,307.49,323.11
6/12/2018,363.83,292.64,311.12,326.575,310.805,311.12,326.575,326.575,310.805,292.64,326.575,326.575,326.575,326.575
6/13/2018,379.93,340.445,329.95,355.61,344.765,329.95,340.795,340.795,340.795,340.445,340.795,328.03,329.95,328.38
6/14/2018,392.87,340.795,340.445,340.445,355.61,344.765,340.445,340.795,340.795,340.795,340.445,340.795,328.03,329.95
6/15/2018,391.98,343.03,343.03,343.03,324.39,343.03,307.49,343.03,304.47,324.39,324.39,343.03,343.03,324.39
6/16/2018,391.98,320.035,320.035,320.035,323.32,323.32,320.035,323.32,323.32,323.32,323.32,323.32,323.32,323.475
6/17/2018,391.98,327.96,295.35,295.35,327.96,327.96,327.96,323.475,327.96,295.35,295.35,295.35,295.35,295.35
6/18/2018,390.4,372.08,386.4,365.61,323.32,343.515,355.93,327.64,355.93,310.905,323.32,327.64,323.32,323.32
6/19/2018,404.98,360.57,327.96,343.515,323.32,323.32,360.57,355.93,327.96,355.93,327.96,323.32,298.145,323.32
6/20/2018,416.76,391.19,360.57,376.72,376.72,323.32,323.32,360.57,360.57,327.96,355.93,327.96,323.32,295.35
6/21/2018,415.44,391.635,360,354.765,361.235,386.4,365.61,351.29,338.875,340.445,340.445,338.875,328.03,340.445
6/22/2018,411.09,403.58,397.69,391.19,323.17,376.72,386.4,323.32,323.32,323.17,355.93,290.56,355.93,290.56
6/23/2018,411.09,404.37,404.37,398.48,391.98,376.275,376.275,327.96,295.35,295.35,327.96,327.96,327.96,327.96
6/24/2018,411.09,410.87,404.37,404.37,398.48,391.98,376.275,376.275,327.96,290.56,290.56,327.96,327.96,327.96
6/25/2018,384.48,401.535,404.37,391.98,391.98,391.98,391.98,376.275,371.635,355.93,323.475,323.475,327.96,355.93
6/26/2018,399.39,386.4,386.4,386.4,386.4,385.165,386.4,360.35,355.115,361.585,386.4,355.115,340.795,340.795
6/27/2018,390.39,411.09,413.925,401.535,404.37,391.98,391.98,391.98,391.98,376.275,376.275,327.96,323.475,323.475
6/28/2018,395.42,401.535,401.535,413.925,401.535,410.87,404.37,404.37,398.48,391.98,376.275,376.275,327.96,290.56
6/29/2018,391.43,387.435,388.23,388.23,353.22,401.535,371.635,391.98,391.98,391.98,391.98,371.635,343.665,323.475
6/30/2018,391.43,359.87,347.37,347.37,307.85,350.14,307.85,337.64,337.64,337.64,337.64,307.85,350.14,307.85
7/1/2018,391.43,403.58,402.92,416.1,400.745,400.745,400.745,413.265,413.265,402.92,403.58,391.635,391.19,370.25
7/2/2018,398.18,413.925,413.925,413.925,413.925,413.925,411.09,413.925,413.925,413.925,410.87,410.87,397.69,391.19
7/3/2018,390.52,397.785,397.785,411.09,400.74,397.785,397.785,397.785,413.925,413.925,404.37,404.37,404.37,391.98
7/4/2018,390.52,387.5,387.955,388.23,400.74,401.535,397.785,388.23,388.23,413.925,401.535,404.37,391.98,391.98
7/5/2018,398.39,394.35,394.35,404.635,400.74,400.74,400.74,400.74,397.785,411.09,413.925,413.925,413.925,404.37
7/6/2018,408.25,343.79,343.03,343.03,375.955,359.055,375.955,375.955,375.955,360.69,375.955,375.955,376.715,360.69
7/7/2018,408.25,398.285,398.285,407.47,404.635,404.635,413.925,413.925,413.925,413.925,413.925,411.09,413.925,413.925
7/8/2018,408.25,389.66,407.415,407.415,407.415,397.685,397.685,407.415,389.66,407.415,407.415,389.66,386.4,397.685
7/9/2018,418.97,399.84,395.41,389.66,407.415,395.41,385.68,385.68,395.41,395.41,389.66,389.66,389.66,386.4
7/10/2018,415.63,398.285,403.32,399.385,394.455,394.455,394.35,394.35,404.635,403.255,400.74,403.255,400.74,413.925
7/11/2018,418.65,407.01,394.455,394.455,390.52,394.455,394.455,390.52,387.5,391.33,397.785,400.74,400.74,397.785
7/12/2018,413.5,407.01,407.01,398.285,394.455,399.385,394.455,394.455,394.35,394.35,404.635,403.255,400.74,403.255
7/13/2018,395.8,403.32,407.01,407.01,398.285,403.32,399.385,394.455,394.455,394.35,394.35,404.635,411.09,411.09
7/14/2018,395.8,396.8,403.32,404.74,403.32,398.285,403.32,403.215,398.285,398.285,407.47,404.635,404.635,403.255
7/15/2018,395.8,413.61,413.61,413.61,403.82,405.2,409.18,399.84,403.82,395.41,395.41,395.41,403.435,403.435
7/16/2018,400.48,394.455,402.01,402.01,408.52,404.74,391.435,391.435,394.455,390.52,394.455,394.455,390.52,387.5
7/17/2018,379.48,394.455,394.455,393.16,402.01,403.32,407.01,403.32,398.285,394.455,399.385,394.455,394.455,394.35
7/18/2018,375.13,403.215,403.215,396.99,406.905,406.905,399.84,403.53,411.94,394.805,399.84,403.215,394.805,398.285
7/19/2018,364.23,393.865,403.32,403.32,397.095,394.35,394.35,403.32,404.74,403.32,398.285,403.32,403.215,398.285
7/20/2018,361.05,394.455,388.935,399.435,394.455,394.455,402.01,402.01,403.32,404.74,403.32,398.285,394.455,399.385
7/21/2018,361.05,409.565,404.585,404.585,409.565,394.455,404.585,390.52,390.52,404.585,391.435,391.435,394.455,394.455
7/22/2018,361.05,402.025,386.24,402.025,403.215,403.215,403.215,396.99,396.99,406.905,403.32,407.01,403.32,398.285
7/23/2018,362.66,375.785,389.85,395.5,404.585,404.585,395.5,394.455,404.585,390.52,390.52,404.585,391.435,391.435
7/24/2018,357.32,391.69,386.655,402.025,386.24,402.025,403.215,403.215,403.215,396.99,396.99,406.905,403.32,407.01
7/25/2018,362.87,388.34,391.69,395.38,411.94,411.94,411.94,411.94,402.025,411.94,405.715,405.715,414.565,403.32
7/26/2018,363.09,405.715,405.715,380.015,405.715,405.715,405.715,405.715,405.715,404.65,405.715,405.715,405.715,414.565
7/27/2018,355.21,361.05,404.585,395.5,404.585,375.785,389.85,409.565,404.585,404.585,404.585,394.455,404.585,402.01
7/28/2018,355.21,389.25,405.715,405.715,405.715,402.025,405.715,405.715,405.715,405.715,405.715,404.65,405.715,405.715
7/29/2018,355.21,386.93,389.85,387.275,389.85,404.65,389.85,378.425,416.075,416.075,416.075,407.225,416.075,404.65
7/30/2018,334.96,389.25,389.36,389.25,405.715,405.715,405.715,402.025,405.715,405.715,405.715,405.715,405.715,404.65
7/31/2018,337.45,386.93,386.93,386.93,389.85,387.275,389.85,381.57,389.85,375.785,416.075,409.565,416.075,404.585
8/1/2018,338.38,375.955,400.115,400.115,375.955,375.955,375.955,384.09,400.115,375.955,384.09,400.115,400.115,400.115
8/2/2018,344.5,385,385,385,370.265,370.265,381.31,370.265,385,385,394.455,375.785,370.265,381.31
8/3/2018,343.09,366.225,366.225,369,366.225,366.225,359.185,369,366.225,366.225,379.615,391.69,386.655,402.025
8/4/2018,343.09,323.49,323.49,341.96,323.175,323.175,323.175,323.175,323.175,323.175,323.175,323.175,323.175,323.175
8/5/2018,343.09,397.595,389.66,389.66,403.82,405.62,389.66,397.595,397.595,397.595,403.82,389.66,403.82,397.595
8/6/2018,350.92,357.945,357.945,357.945,357.945,393.615,393.615,393.615,357.945,357.945,357.945,357.945,334.91,357.945
8/7/2018,351.83,403.255,400.74,400.74,400.74,400.74,403.255,400.74,403.255,392.905,392.905,392.905,400.74,400.74
8/8/2018,347.61,343.39,395.41,343.39,343.39,343.39,343.39,395.41,343.39,343.39,343.39,343.39,343.39,343.39
8/9/2018,349.36,386.4,389.66,389.66,397.685,396.13,389.66,389.66,389.66,404.155,389.66,396.13,396.13,396.13
8/10/2018,345.87,381.46,403.255,403.255,403.255,403.255,403.255,391.185,391.185,403.255,400.74,403.255,392.905,392.905
8/11/2018,345.87,311.12,311.12,311.12,311.12,311.12,343.39,343.39,311.12,311.12,343.39,311.12,311.12,311.12
8/12/2018,345.87,369.52,369.52,369.52,343.39,343.39,395.41,343.39,343.39,343.39,343.39,395.41,343.39,343.39
8/13/2018,341.31,381.46,381.46,371.63,371.63,401.26,400.74,401.26,401.26,400.74,390.91,390.91,401.26,401.26
8/14/2018,337.49,370.645,370.645,370.645,381.46,381.46,403.255,403.255,403.255,403.255,403.255,391.185,391.185,403.255
8/15/2018,326.4,391.705,391.705,391.185,391.185,391.705,391.705,391.705,400.74,391.705,391.705,391.185,391.705,391.705
8/16/2018,322.44,344.39,350.62,371.36,337.735,337.735,371.36,371.36,357.805,324.39,357.805,371.36,342.055,355.61
8/17/2018,316.78,391.185,391.185,391.185,391.185,391.185,391.185,371.905,371.905,391.98,391.185,391.98,391.185,391.185
8/18/2018,316.78,330.755,330.755,330.755,330.755,330.755,330.755,330.755,330.755,330.755,330.755,330.755,330.755,330.755
8/19/2018,316.78,361.585,361.585,361.235,354.765,361.235,361.235,361.235,361.235,361.235,361.235,361.235,386.4,386.4
8/20/2018,327.73,375.165,375.165,355.61,344.765,375.165,360,375.165,375.165,375.165,344.765,344.765,375.165,375.165
8/21/2018,338.02,290.56,290.56,290.56,290.56,290.56,290.56,290.56,290.56,290.56,290.56,290.56,290.56,290.56
8/22/2018,344.44,354.38,343.665,354.38,343.665,343.665,343.665,343.665,343.665,343.665,343.665,343.665,343.665,343.665
8/23/2018,339.17,354.38,321.59,321.59,359.19,359.19,391.185,391.98,391.98,391.98,371.635,371.635,371.635,371.635
8/24/2018,358.82,330.61,346.46,354.38,346.46,354.38,376.275,376.275,376.275,398.48,376.275,398.48,398.48,398.48
8/25/2018,358.82,330.23,336.865,331.875,331.875,336.865,344.39,346.3,336.865,346.3,344.39,346.3,318.53,318.53
8/26/2018,358.82,324.42,324.42,324.42,331.875,331.875,324.42,358.915,333.855,356.935,346.3,344.39,366.37,371.36
8/27/2018,364.58,338.73,370.58,351.635,351.635,351.635,351.635,370.58,351.635,351.635,351.635,351.635,351.635,352.23
8/28/2018,368.49,386.4,364.645,371.115,366.11,386.4,364.645,364.645,374.375,389.66,371.115,371.115,396.13,364.645
8/29/2018,368.04,340.415,340.415,324.39,375.955,349.155,375.955,375.955,375.955,375.955,340.415,340.415,340.415,313.615
8/30/2018,370.98,375.4,398.48,375.4,368.21,375.4,398.48,376.275,393.7,398.48,393.7,398.48,376.275,398.48
8/31/2018,367.68,359.065,359.065,359.065,402.92,359.065,359.065,359.065,359.065,402.92,359.065,402.92,402.92,370.845
9/1/2018,367.68,365.775,337.8,337.8,338.675,337.8,338.675,337.8,338.675,330.61,343.665,354.38,376.275,338.675
9/2/2018,367.68,347.865,347.865,341.23,344.655,323.32,347.865,341.23,341.23,341.23,348.02,344.81,323.475,323.475
9/3/2018,367.68,348.005,348.005,341.455,338.17,338.17,338.17,338.17,348.16,351.445,338.17,329.905,341.455,336.455
9/4/2018,363.6,330.755,330.755,330.755,330.755,330.755,330.755,330.755,330.755,330.755,330.755,292.305,330.755,330.755
9/5/2018,341.18,324.39,342.055,342.055,337.735,337.735,342.055,306.515,306.515,306.515,324.39,342.055,341.185,355.61
9/6/2018,346.46,342.055,342.055,342.055,342.055,337.735,337.735,342.055,306.515,306.515,306.515,342.055,342.055,341.185
9/7/2018,348.68,338.17,338.17,338.17,338.17,338.17,338.17,329.905,336.455,336.455,336.455,336.455,336.455,329.905
9/8/2018,348.68,292.305,292.305,292.305,292.305,330.755,330.755,330.755,330.755,330.755,330.755,330.755,330.755,290.615
9/9/2018,348.68,342.23,331.515,331.515,342.23,342.23,359.695,364.125,337.8,327.96,337.8,337.8,338.675,337.8
9/10/2018,348.41,365.575,327.975,327.975,327.975,365.575,365.575,365.575,365.575,365.575,327.975,365.575,359.19,327.975
9/11/2018,355.93,347.705,358.43,347.705,347.705,347.705,347.07,347.705,347.07,358.43,347.705,359.065,359.065,327.095
9/12/2018,369.95,370.645,370.645,381.315,370.645,370.645,370.645,370.645,370.645,370.645,370.645,408.035,370.645,381.315
9/13/2018,368.15,254.96,251.3,231.61,251.3,251.3,254.96,254.96,251.3,251.3,251.3,251.3,231.61,251.3
9/14/2018,364.56,345.24,345.24,345.24,363.43,363.43,340.63,345.24,345.24,345.24,350.62,345.24,345.24,345.24
9/15/2018,364.56,403.435,380.275,401.26,403.435,400.745,402.92,390.915,403.435,403.435,403.435,403.435,403.435,403.435
9/16/2018,364.56,390.915,403.435,407.47,401.26,403.435,400.745,413.265,401.26,403.435,403.435,403.435,403.435,403.435
9/17/2018,350.35,381.46,381.46,400.74,381.46,381.46,381.46,381.46,400.74,381.46,381.46,381.46,381.46,381.46
9/18/2018,367.65,384.065,393.355,407.47,396.99,407.47,403.445,404.635,396.99,407.47,407.47,406.28,406.28,396.99
9/19/2018,366.96,334.305,334.305,334.305,334.305,353.585,334.305,334.305,371.11,371.11,353.585,334.305,334.305,334.305
9/20/2018,365.36,346.57,346.57,346.57,346.57,371.11,365.85,346.57,346.57,346.57,346.57,353.585,346.57,371.11
9/21/2018,361.19,341.87,339.115,354.105,354.105,334.305,334.305,354.105,354.105,354.105,339.115,387.955,354.105,354.105
9/22/2018,361.19,192.185,192.185,192.185,192.185,192.185,192.185,251.3,251.3,254.96,254.96,251.3,231.61,251.3
9/23/2018,361.19,350.63,350.63,341.87,359.19,350.63,350.63,321.59,321.59,350.63,354.105,354.105,358.395,387.955
9/24/2018,369.61,346.56,343.35,343.35,343.35,343.35,343.35,343.35,341.23,316.685,346.56,343.35,343.35,341.23
9/25/2018,369.43,348.42,353.75,348.42,348.42,348.42,343.35,343.35,348.42,348.42,348.42,353.75,343.35,348.42
9/26/2018,377.88,347.085,347.085,380.01,343.03,380.01,347.085,380.01,380.01,347.085,380.01,375.955,380.01,380.01
9/27/2018,380.71,386.33,393.87,410.87,410.87,386.33,410.87,392.22,392.22,410.87,386.33,410.87,410.87,363.25
9/28/2018,374.13,340.63,340.63,340.63,340.63,340.63,340.63,340.63,340.63,331.875,350.065,340.63,340.63,340.63
9/29/2018,374.13,374.195,379.04,379.04,373.165,410.87,379.04,379.04,386.33,379.04,379.04,379.04,397.69,379.04
9/30/2018,374.13,371.175,378.28,378.28,378.28,357.75,357.75,378.28,357.75,378.28,357.145,378.28,378.28,357.75
10/1/2018,381.43,389.37,378.48,389.37,378.48,389.37,378.48,403.255,389.37,389.37,378.48,378.48,378.48,378.48
10/2/2018,377.14,363.275,364.075,376.31,363.275,363.275,363.275,363.275,363.275,366.37,333.855,333.855,354.135,333.855
10/3/2018,377.05,387.825,364.56,377.995,364.56,387.825,387.825,377.995,377.48,390,387.825,387.825,390,387.825
10/4/2018,363.65,380.72,380.72,381.46,380.72,380.72,380.72,380.72,381.46,380.72,381.46,380.72,380.72,380.72
10/5/2018,351.35,341.68,341.68,374.29,378.48,378.48,341.68,378.48,378.48,341.68,341.68,374.29,341.68,341.68
10/6/2018,351.35,350.065,350.065,350.065,350.065,358.82,358.82,358.82,350.065,342.61,358.82,350.065,350.065,350.065
10/7/2018,351.35,371.24,346.225,364.645,374.375,389.66,346.225,346.225,346.225,374.375,374.375,389.66,374.375,346.225
10/8/2018,349.1,380.72,411.09,381.46,380.72,380.72,380.72,381.46,380.72,380.72,380.72,380.72,381.46,380.72
10/9/2018,355.71,382.4,390,390,382.4,382.4,382.4,390,382.4,382.4,382.4,382.4,382.4,403.435
10/10/2018,325.89,346.33,359.225,359.225,359.225,350.065,350.065,350.065,350.065,342.61,342.61,375.125,353.335,342.61
10/11/2018,321.1,366.3,388.145,388.145,366.3,366.3,366.3,366.3,366.3,388.145,386.405,366.3,353.21,388.145
10/12/2018,339.56,341.07,341.07,341.07,341.07,341.07,341.07,341.07,341.07,341.07,341.07,341.07,338.985,338.985
10/13/2018,339.56,353.335,359.225,359.225,353.335,359.225,359.225,359.225,353.335,353.335,353.335,353.335,363.275,356.51
10/14/2018,339.56,377.995,377.995,377.995,401.26,377.995,364.56,364.56,364.56,364.56,377.995,377.995,377.995,377.995
10/15/2018,333.13,368.65,368.65,368.65,369.52,346.74,346.74,368.65,369.52,369.52,369.52,346.74,369.52,346.74
10/16/2018,346.4,373.57,373.57,373.57,373.57,373.57,373.57,373.57,373.57,361.925,361.925,395.5,381.57,380.835
10/17/2018,364.7,373.315,373.315,365.18,400.115,400.115,373.315,373.315,373.315,400.115,373.315,373.315,400.115,400.115
10/18/2018,346.71,381.725,381.725,381.725,394.805,362.74,371.39,362.74,362.74,362.74,362.74,403.445,362.74,384.965
10/19/2018,332.67,380.81,380.81,380.81,380.81,380.81,384.285,387.955,384.285,384.285,387.955,380.81,384.285,384.285
10/20/2018,332.67,341.325,341.325,341.325,353.825,353.825,353.825,353.825,353.825,353.825,383.28,369.845,364.56,364.56
10/21/2018,332.67,387.615,387.615,370.805,370.805,370.805,370.805,370.805,381.37,381.37,387.615,371.39,370.805,370.805
10/22/2018,329.54,396.99,382.915,382.915,382.915,381.725,381.725,381.725,389.805,396.99,396.99,382.915,381.725,381.725
10/23/2018,333.16,370.645,366.455,366.455,366.455,366.455,366.455,366.455,370.645,370.645,403.255,403.255,370.645,403.255
10/24/2018,301.83,365,365,368.21,365,368.21,368.21,368.21,368.21,365,368.21,368.21,368.21,391.185
10/25/2018,312.87,365,365,365,381.48,365,365,365,365,365,365,365,353.985,353.985
10/26/2018,299.83,346.905,381.48,381.48,381.48,381.48,365,375.4,381.48,381.48,375.4,381.48,365,393.7
10/27/2018,299.83,326.575,326.575,326.575,326.575,326.575,345.045,326.575,326.575,326.575,326.575,326.575,326.575,326.575
10/28/2018,299.83,389.66,389.66,389.66,389.66,389.66,389.66,358.925,389.66,389.66,389.66,389.66,389.66,389.66
10/29/2018,284.84,281.98,314.485,314.485,314.485,314.485,314.485,314.485,314.485,324.81,314.485,314.485,314.485,281.98
10/30/2018,285.81,335.79,335.79,335.79,335.79,335.79,335.79,335.79,335.79,335.79,306.17,306.17,306.17,306.17
10/31/2018,301.78,356.06,356.06,356.06,365,365,365,365,365,365,368.21,352.85,341.23,356.06
11/1/2018,317.38,353.425,353.425,353.425,353.425,343.79,343.79,343.79,343.79,343.79,343.79,343.79,343.79,343.79
11/2/2018,309.1,364.67,341.065,341.065,341.065,341.065,364.67,364.67,364.67,364.67,364.67,364.67,337.585,364.67
11/3/2018,309.1,361.19,361.19,361.19,361.19,361.19,361.19,361.19,361.19,361.19,361.19,361.19,361.19,361.19
11/4/2018,309.1,313.36,326.575,313.045,313.045,313.045,345.045,313.045,326.575,326.575,326.575,326.575,326.575,326.575
11/5/2018,315.44,341.68,335.325,335.325,335.325,339.515,339.515,342.255,342.255,339.515,348.61,348.61,339.515,378.48
11/6/2018,310.84,374.21,374.21,374.21,374.21,374.21,374.21,374.21,374.21,374.21,374.21,374.21,374.21,374.21
11/7/2018,327.5,338.675,306.065,358.065,327.96,334.19,306.065,306.065,306.065,306.065,306.065,306.065,306.065,306.065
11/8/2018,317.92,334.73,367.68,334.73,334.73,334.73,359.485,334.73,367.68,367.68,359.485,359.485,323.475,323.475
11/9/2018,303.47,342.53,367.68,342.53,342.53,342.53,358.045,342.53,367.68,367.68,367.68,359.485,359.485,343.79
11/10/2018,303.47,384.93,340.415,384.93,384.93,384.93,340.415,340.415,384.93,384.93,384.93,384.93,384.93,384.93
11/11/2018,303.47,324.39,324.39,324.39,354.61,385.51,319.07,319.07,324.39,319.07,324.39,354.61,354.61,385.51
11/12/2018,294.07,304.88,300.655,300.655,293.46,304.88,305.265,293.46,293.46,300.655,293.46,293.46,305.265,305.265
11/13/2018,294.4,326.075,338.435,338.435,338.435,346.7,336.455,338.435,338.435,338.435,348.005,338.435,338.435,338.435
11/14/2018,286.73,300.385,315.62,331.915,323.11,317.235,317.235,317.235,317.235,327.255,317.235,331.915,323.11,321.38
11/15/2018,290.06,298.935,300.385,315.62,319.765,323.11,323.11,323.11,319.765,319.765,323.11,323.11,323.11,323.11
11/16/2018,286.21,290.4,298.935,296.07,300.77,311.125,310.855,310.855,305.265,303.66,305.265,305.265,311.125,318.32
11/17/2018,286.21,292.065,290.4,298.935,312.755,310.235,324.22,324.22,324.22,326.53,324.22,326.495,319.275,319.275
11/18/2018,286.21,290.14,298.77,298.77,298.935,312.755,314.345,318.6,328.33,315.49,328.33,328.33,316.12,315.49
11/19/2018,270.6,290.305,290.14,294.235,290.4,298.935,296.07,300.77,304.88,322.49,310.47,304.88,304.88,304.88
11/20/2018,266.98,315.015,322.325,322.325,315.015,332.64,322.325,315.015,350.555,296.16,350.555,315.015,315.015,315.015
11/21/2018,262.13,322.49,322.49,318.77,321.655,322.49,322.49,318.77,321.655,322.49,322.49,322.49,317.935,322.49
11/22/2018,262.13,297.585,338.435,338.435,331.02,318.72,338.435,328.965,338.435,338.435,340.15,338.435,338.435,338.435
11/23/2018,258.82,296.975,299.4,301.145,329.14,329.14,313.575,329.14,328,329.14,325.32,328,329.14,329.14
11/24/2018,258.82,331.59,284.78,284.78,296.28,284.78,284.78,331.59,296.28,284.78,284.78,284.78,249.47,284.78
11/25/2018,258.82,260.475,264.555,293.675,296.1,311.645,312.075,318.84,311.645,312.075,311.645,318.84,305.265,305.265
11/26/2018,261.43,351.445,355.61,350.555,355.61,355.61,351.445,355.765,355.61,355.61,355.61,351.445,355.765,355.61
11/27/2018,266.63,288.895,284.57,284.57,284.57,326.27,288.895,284.615,284.615,284.57,284.615,323.635,284.57,324.755
11/28/2018,282.65,322.655,317.445,307.975,321.38,310.03,307.975,317.445,332.125,307.975,321.38,318.72,320.775,322.655
11/29/2018,288.75,305.715,305.715,305.715,304.88,312.525,305.715,312.525,312.525,305.715,312.525,318.77,304.88,312.525
11/30/2018,286.13,295.95,307.975,322.655,317.445,307.975,317.445,317.235,307.975,317.445,332.125,307.975,321.38,318.72
12/1/2018,286.13,303.6,313.115,308.26,303.66,302.925,304.86,312.11,302.925,315.05,310.12,308.26,313.115,313.115
12/2/2018,286.13,312.62,319.11,305.345,319.095,307.715,307.715,312.62,307.715,312.62,314.98,312.62,312.62,312.62
12/3/2018,290.3,317.32,320.625,316.46,326.93,324.465,313.82,324.465,317.32,324.465,320.625,320.625,317.32,317.32
12/4/2018,275.33,313.235,306.77,309.715,312.225,309.77,312.225,309.11,313.235,315.225,315.225,306.77,308.76,313.235
12/5/2018,275.33,316.5,313.235,306.77,316.5,312.225,316.5,312.225,315.49,312.225,309.815,309.815,303.35,303.35
12/6/2018,282.88,317.32,309.035,317.32,317.32,320.625,318.52,318.52,324.465,311.45,324.465,317.32,324.465,317.32
12/7/2018,265.14,308.785,308.785,308.785,324.945,308.785,324.22,317.725,324.22,324.945,324.22,324.22,313.125,324.22
12/8/2018,265.14,299.65,324.465,303.545,282.035,303.545,303.545,303.545,299.65,303.545,324.465,300.905,303.545,303.545
12/9/2018,265.14,324.22,303.805,324.22,311.025,324.22,324.22,324.22,324.22,303.805,324.22,311.025,324.22,324.22
12/10/2018,269.7,268.25,276.055,276.055,276.055,276.055,276.055,293.49,276.055,268.25,276.055,276.055,276.055,276.055
12/11/2018,265.32,279.5,268.25,276.055,276.055,276.055,276.055,276.055,293.49,276.055,268.25,276.055,276.055,276.055
12/12/2018,274.88,288.16,288.16,295.72,295.72,288.16,293.49,288.16,293.49,288.16,295.72,288.16,295.72,288.16
12/13/2018,276.02,293.49,288.16,288.16,295.72,295.72,288.16,293.49,288.16,293.49,288.16,295.72,288.16,295.72
12/14/2018,266.84,288.655,275.535,275.535,288.655,288.655,288.655,284.76,288.655,293.49,288.655,282.035,288.655,288.655
12/15/2018,266.84,284.76,275.535,275.535,275.535,282.035,275.535,282.035,289.595,306.27,293.49,282.035,282.035,282.035
12/16/2018,266.84,322.385,291.07,296.455,291.07,321.6,291.07,324.22,324.22,322.385,324.22,329.605,324.22,324.22
12/17/2018,262.8,315.49,328.33,323.155,328.33,328.33,318.6,328.33,326.265,315.49,328.33,328.33,328.33,328.33
12/18/2018,270.94,313.115,313.115,315.105,313.115,309.77,302.29,302.29,302.29,313.115,313.115,313.115,303.61,302.29
12/19/2018,266.77,319.525,324.22,319.525,319.525,319.525,319.525,319.525,324.47,319.275,319.525,319.525,319.525,319.525
12/20/2018,260.58,324.47,293.345,291.07,293.345,293.345,293.345,319.525,293.345,291.32,293.345,319.525,293.345,319.525
12/21/2018,246.39,323.11,323.11,323.11,323.11,315.105,319.765,323.11,323.11,323.11,315.105,323.11,323.11,319.765
12/22/2018,246.39,319.765,315.105,315.105,323.11,323.11,315.105,314.63,315.105,315.105,323.11,315.105,323.11,317.975
12/23/2018,246.39,291.07,319.275,298.29,298.29,324.22,324.22,324.22,319.275,324.22,293.345,324.22,298.29,324.22
12/24/2018,233.88,291.92,319.275,291.92,299.14,299.14,324.22,291.92,324.22,319.275,324.22,324.66,324.22,321.6
12/25/2018,233.88,282.42,287.08,282.42,316.655,315.105,315.105,320,327.255,315.105,319.765,315.105,315.105,320
12/26/2018,253.67,280.405,280.975,280.975,280.975,280.975,280.975,280.405,280.975,280.975,275.45,280.405,280.975,280.405
12/27/2018,255.565,265.99,250.36,256.615,291.92,291.07,291.92,265.99,265.99,291.07,265.99,291.07,322.385,291.07
12/28/2018,256.08,265.99,265.99,265.99,256.615,291.92,291.07,291.92,265.99,265.99,291.07,265.99,291.07,303.805
12/29/2018,256.08,255.765,255.765,255.765,298.29,288.915,324.22,291.07,291.92,298.29,298.29,298.29,298.29,298.29
12/30/2018,256.08,275.37,275.37,275.37,275.37,279.795,273.18,275.37,273.18,275.37,275.37,275.37,275.37,275.37
12/31/2018,267.66,281.695,275.44,240.135,240.135,281.695,275.44,281.695,324.22,291.07,291.92,298.29,298.29,324.22
1/1/2019,267.66,324.945,313.115,324.945,308.685,292.555,324.945,324.945,324.945,313.115,302.19,319.61,324.945,319.61
1/2/2019,267.66,260.61,259.405,254.875,269.8,275.535,259.405,275.535,275.535,280.975,280.975,275.535,280.975,275.535
1/3/2019,271.2,261.46,261.2025,255.8225,250.9775,261.46,244.7225,250.36,256.615,250.36,256.615,291.92,291.07,291.92
1/4/2019,297.57,275.535,276.385,275.535,275.535,275.535,275.535,276.385,275.535,275.535,275.535,275.535,276.385,276.385
1/5/2019,297.57,269.02,261.2025,261.46,261.2025,255.8225,260.3525,261.46,260.3525,265.99,265.99,265.99,256.615,291.92
1/6/2019,297.57,266.4,266.4,267.66,260.61,266.4,260.61,260.61,244.98,255.765,255.765,255.765,291.07,281.695
1/7/2019,315.34,260.61,260.61,260.61,261.87,260.61,260.61,260.61,260.61,261.46,255.765,255.765,255.765,265.99
1/8/2019,320.27,266.4,266.4,266.4,259.405,260.665,259.405,260.61,259.405,259.405,254.875,277.875,259.405,277.875
1/9/2019,319.96,294.09,273.345,294.09,273.345,273.345,295.83,273.345,273.345,273.345,277.875,273.345,277.875,277.875
1/10/2019,324.66,276.5675,282.205,261.2025,276.5675,255.8225,261.2025,261.2025,261.46,261.2025,255.8225,273.0875,261.46,273.0875
1/11/2019,337.59,305.285,276.5675,294.09,273.0875,294.09,273.0875,273.0875,273.0875,273.345,273.0875,273.0875,273.0875,273.345
1/12/2019,337.59,296.045,293.695,266.25,271.015,266.25,267.43,266.25,266.25,271.015,274.83,271.015,271.015,266.25
1/13/2019,337.59,267.43,267.43,266.25,266.25,276.01,266.25,267.43,266.25,266.25,271.015,274.83,276.01,279.02
1/14/2019,332.94,311.115,317.58,297.93,284.385,276.5675,284.385,263.3825,276.5675,255.8225,263.3825,261.2025,261.46,261.2025
1/15/2019,354.64,296.215,279.11,283.945,296.215,283.945,296.215,296.215,296.215,296.215,296.215,296.215,296.215,296.215
1/16/2019,351.39,283.315,283.315,305.44,283.315,298.145,283.315,298.145,283.315,279.135,283.315,283.315,283.315,283.315
1/17/2019,353.19,305.44,305.44,273.345,305.44,305.44,292.705,273.345,308.92,273.345,273.345,273.345,273.345,273.345
1/18/2019,339.1,261.2025,276.825,276.825,276.825,276.825,317.58,269.02,276.825,276.5675,276.825,255.8225,276.825,255.8225
1/19/2019,339.1,282.205,261.2025,284.385,282.205,284.385,284.385,284.385,269.02,284.385,282.205,284.385,269.02,284.385
1/20/2019,339.1,266.4,290.24,285.71,285.71,290.24,290.24,266.4,290.24,290.24,290.24,261.87,290.24,266.4
1/21/2019,339.1,296.76,300.465,284.335,269.8,300.465,282.225,300.465,300.465,300.465,300.465,300.465,296.76,300.465
1/22/2019,325.16,251.235,260.61,260.61,255.765,285.71,251.235,260.61,260.61,255.765,290.24,260.61,255.765,251.235
1/23/2019,321.99,312.055,312.055,284.505,298.89,299.295,298.89,298.89,298.89,298.89,312.055,299.295,298.89,298.89
1/24/2019,326.67,321.38,307.975,322.655,307.975,322.655,322.655,321.38,322.655,321.38,307.975,322.655,322.655,322.655
1/25/2019,338.05,304.06,300.605,282.04,293.895,286.7,280.73,280.73,280.73,287.44,280.73,280.73,282.04,287.44
1/26/2019,338.05,312.525,317.935,318.77,317.935,317.935,317.935,317.935,322.49,317.935,312.525,312.525,322.49,299.125
1/27/2019,338.05,317.55,317.55,298.73,298.73,306.17,298.73,298.73,293.25,298.73,293.25,330.47,330.47,298.73
1/28/2019,335.66,348.005,348.005,348.005,348.005,346.7,348.005,349.985,346.7,336.455,339.74,349.985,349.985,348.005
1/29/2019,328.9,359.485,356.2,356.2,356.2,356.2,356.2,356.2,359.64,356.2,356.2,351.445,359.485,359.64
1/30/2019,340.66,335.575,310.425,335.575,342.53,342.53,335.575,335.575,335.575,335.575,335.575,342.53,335.575,310.695
1/31/2019,339.5,323.11,314.64,335.97,314.64,314.64,314.64,323.11,359.145,314.64,314.64,314.64,314.64,314.64
2/1/2019,339.85,340.675,340.675,340.675,340.675,334.49,372.96,340.675,340.675,340.675,340.675,340.675,346.46,340.675
2/2/2019,339.85,311.425,311.425,278.39,311.425,311.425,311.425,311.425,311.425,278.39,278.39,311.425,311.425,311.425
2/3/2019,339.85,330.1,351.855,404.155,351.855,371.115,382.4,351.855,382.4,330.1,404.155,382.4,391.965,371.115
2/4/2019,351.34,346.905,346.905,352.425,300.83,345.905,300.83,307.35,346.905,306.35,300.83,346.905,307.35,346.905
2/5/2019,355.81,362.28,346.74,368.65,368.65,368.65,340.37,346.74,368.65,368.65,368.65,369.52,368.65,346.74
2/6/2019,352.19,310.425,329.02,344.535,329.02,332.895,329.02,332.895,325.94,332.895,332.895,332.895,342.53,358.045
2/7/2019,344.71,331.18,320.64,320.64,320.64,356.06,320.64,323.11,323.11,323.11,331.18,323.11,334.73,334.73
2/8/2019,347.57,313.81,339.665,313.81,313.81,342.635,313.81,320.57,313.81,313.81,348.355,313.81,313.81,313.81
2/9/2019,347.57,358.18,358.18,358.18,353.75,337.8,358.18,332.73,358.18,358.18,358.18,358.18,358.18,332.73
2/10/2019,347.57,345.85,345.85,345.85,345.85,328.03,345.85,345.85,329.95,329.95,329.95,345.85,345.5,345.85
2/11/2019,345.73,307.85,307.85,307.85,311.94,311.94,311.94,311.94,307.85,311.94,311.94,311.94,311.94,307.85
2/12/2019,359.97,327.96,364.01,364.01,364.01,364.01,359.525,364.01,356.085,359.525,359.525,323.475,356.085,356.085
2/13/2019,351.77,343.79,363.16,363.16,345.68,328.275,363.16,345.755,345.755,345.755,343.79,345.755,345.755,345.755
2/14/2019,359.07,334.785,354.17,334.785,346.425,346.425,329.02,346.425,329.02,310.425,329.02,322.065,329.02,342.53
2/15/2019,356.87,323.54,332.175,332.175,329.205,313.81,332.175,323.54,313.81,320.57,313.81,313.81,323.54,313.81
2/16/2019,356.87,338.225,334.785,334.785,322.065,334.785,334.785,327.83,310.425,327.83,329.02,310.425,310.425,321.32
2/17/2019,356.87,355.785,327.66,339.55,355.785,339.55,311.425,347.475,306.635,322.71,322.71,339.55,311.425,334.76
2/18/2019,356.87,355.63,359.935,355.63,359.935,359.935,358.045,359.935,359.935,359.935,358.045,363.16,361.27,345.755
2/19/2019,361.92,354.17,354.17,354.17,346.425,359.935,359.935,354.17,359.935,354.17,354.17,354.17,354.17,342.55
2/20/2019,359.91,334.785,349.12,334.785,334.785,334.785,334.785,334.785,343.79,334.785,334.785,345.68,328.275,345.68
2/21/2019,356.97,359.145,348.125,359.145,359.145,359.145,359.145,359.145,368.645,368.645,359.145,368.645,359.145,358.18
2/22/2019,363.02,354.32,359.905,362.455,359.905,359.905,362.95,371.085,359.905,371.085,363.43,366.475,371.085,363.43
2/23/2019,363.02,331.59,331.59,331.59,289.455,331.59,331.59,334.675,292.54,331.59,331.59,331.59,289.455,331.59
2/24/2019,363.02,321.59,354.38,321.59,359.19,359.19,359.19,354.38,359.19,359.19,354.105,359.19,359.19,354.105
2/25/2019,363.91,338.875,334.065,334.065,334.065,309.305,326.59,334.065,334.06,346.905,334.065,334.065,326.59,334.065
2/26/2019,364.97,377.42,374.195,377.42,370.905,377.42,377.42,377.42,377.42,377.42,377.42,377.42,377.42,374.195
2/27/2019,362.87,377.42,392.845,375.845,392.845,389.555,392.845,392.845,392.845,392.845,377.42,392.845,392.845,377.42
2/28/2019,358.1,319.925,319.925,319.925,318.925,346.905,319.925,365,346.905,365,365,371.66,365,319.925
3/1/2019,357.32,355.085,344.685,355.085,355.085,344.685,355.085,355.085,344.685,351.63,355.085,355.085,368.21,348.42
3/2/2019,357.32,369.55,368.5,369.55,377.42,377.42,374.195,377.42,370.905,377.42,377.42,377.42,377.42,377.42
3/3/2019,357.32,349.61,349.61,375.37,349.61,349.61,349.61,325.59,349.61,349.61,358.925,325.59,325.59,349.61
3/4/2019,351.04,371.66,345.905,345.905,325.585,325.585,326.585,325.585,306.35,345.905,325.585,345.905,345.905,346.905
3/5/2019,354.3,358.915,358.915,376.31,358.915,358.915,344.71,387.955,358.915,355.44,343.795,372.835,358.915,358.915
3/6/2019,359.61,325.18,370.645,370.645,370.645,370.645,370.645,370.645,341.68,377.12,370.645,341.68,341.68,341.41
3/7/2019,352.6,340.345,377.15,332.87,353.585,377.15,377.15,377.15,353.585,377.15,309.305,400.74,353.585,309.305
3/8/2019,349.6,361.76,357.625,346.11,332.87,346.11,346.11,377.15,346.11,346.11,346.11,326.585,392.905,346.11
3/9/2019,349.6,349.235,352.74,370.645,370.865,370.645,392.905,392.905,392.905,392.905,392.905,368.13,373.38,392.905
3/10/2019,349.6,390,360.135,390,390,403.435,377.995,377.995,377.995,360.135,373.57,390,360.135,390
3/11/2019,358.86,357.745,344.71,340.35,358.915,344.71,358.915,358.915,358.915,376.31,358.915,358.915,344.71,358.66
3/12/2019,356.27,351.1,351.1,347.735,349.235,352.74,370.645,370.865,370.645,392.905,392.905,392.905,392.905,392.905
3/13/2019,361.21,324.3,324.3,324.3,330.655,339.515,324.3,330.655,342.695,324.3,324.3,324.3,339.515,330.655
3/14/2019,358.82,340.435,340.435,340.435,340.435,333.6,332.725,340.435,340.435,340.435,340.435,340.435,340.435,340.435
3/15/2019,361.46,388.985,393.355,390.52,413.925,393.355,393.355,393.355,389.37,393.355,393.355,393.355,351.555,350.405
3/16/2019,361.46,375.37,378.355,328.575,378.355,378.355,378.355,325.59,354.335,354.335,354.335,350.355,378.355,325.59
3/17/2019,361.46,369.165,361.19,361.19,369.165,361.19,369.165,361.19,361.19,363.275,361.19,369.165,361.19,361.19
3/18/2019,363.44,358.865,363.86,330.475,358.865,330.475,349.49,342.83,330.475,330.475,358.865,330.475,330.475,330.475
3/19/2019,358.78,371.495,371.495,371.495,371.495,351.1,369.995,371.495,371.495,351.1,380.345,381.845,381.46,334.305
3/20/2019,375.22,375.145,372.865,377.225,356.58,372.865,372.865,372.865,356.58,359.19,373.14,340.35,340.35,358.915
3/21/2019,377.87,377.225,377.225,372.865,377.225,356.58,372.865,372.865,372.865,358.66,359.19,373.14,358.66,340.35
3/22/2019,361.01,410.87,410.87,383.22,389.11,410.87,410.87,410.87,410.87,410.87,387.465,413.925,410.87,410.87
3/23/2019,361.01,326.435,331.955,331.955,307.35,307.35,331.955,307.35,331.955,331.955,331.955,331.955,326.435,352.425
3/24/2019,361.01,364.76,366.085,364.76,359.19,359.19,373.14,377.5,373.14,340.35,373.14,373.14,373.14,359.19
3/25/2019,366.23,394.07,413.925,394.07,396.905,394.07,394.07,413.925,394.07,394.07,394.07,396.905,394.07,394.07
3/26/2019,359.97,351.71,350.84,351.71,344.47,350.84,369.52,350.84,373.62,350.84,368.65,346.74,373.62,351.71
3/27/2019,353.37,332.87,358.07,358.07,358.07,358.07,361.365,354.335,358.07,358.07,358.07,355.085,355.085,358.07
3/28/2019,354.61,370.195,370.195,370.195,359.19,355.715,370.195,332.595,359.19,370.195,370.195,370.195,370.195,344.71
3/29/2019,356.56,371.665,371.665,370.195,371.665,371.665,349.88,371.665,356.16,371.665,371.665,371.665,371.665,371.665
3/30/2019,356.56,365.48,393.355,365.48,388.885,365.48,393.355,365.48,389.11,393.355,393.355,365.705,393.355,388.985
3/31/2019,356.56,388.885,365.48,393.355,365.48,388.885,365.48,393.355,365.48,410.87,393.355,393.355,341.41,393.355
4/1/2019,366.96,364.76,376.545,364.76,364.76,364.76,366.085,376.545,364.76,364.76,366.085,364.76,375.145,375.145
4/2/2019,367.72,366.085,364.76,376.545,364.76,364.76,364.76,366.085,376.545,364.76,364.76,366.085,364.76,375.145
4/3/2019,369.75,344.42,344.42,344.42,337.525,344.42,355.48,355.48,344.42,337.525,355.48,344.42,355.48,344.42
4/4/2019,367.88,350.375,349.19,360.005,350.375,350.375,350.375,350.51,360.005,350.375,349.19,350.375,350.375,349.19
4/5/2019,365.49,386.66,359.01,359.01,389.11,389.11,388.985,393.355,389.11,365.48,389.11,365.705,389.11,389.11
4/6/2019,365.49,361.325,361.325,361.325,360.16,360.025,350.375,361.325,360.025,360.16,361.325,361.325,350.51,361.325
4/7/2019,365.49,355.69,355.69,355.69,351.1,371.495,354.19,371.495,355.69,355.69,355.69,374.585,355.69,371.495
4/8/2019,361.41,348.595,374.54,363.86,348.595,348.595,348.595,363.86,348.595,348.595,348.595,389.805,382.915,348.595
4/9/2019,364.71,331.105,363.86,350.16,363.86,363.86,363.86,363.86,363.86,331.105,363.86,363.86,365.425,382.915
4/10/2019,363.92,394.07,394.07,388.66,394.07,371.64,378.83,394.07,394.07,388.66,394.07,394.07,371.64,388.66
4/11/2019,367.65,350.355,353.53,352.535,350.355,353.53,327.77,353.53,350.355,352.535,352.535,353.53,353.53,350.355
4/12/2019,351.14,357.08,403.435,382.52,382.52,382.52,382.52,382.52,377.995,357.08,382.52,382.52,382.52,390
4/13/2019,351.14,377.995,384.24,370.805,370.805,370.805,387.825,370.805,370.805,377.995,384.24,370.805,377.995,370.805
4/14/2019,351.14,383.29,382.52,370.515,403.435,382.52,382.52,382.52,382.52,382.52,377.995,370.515,382.52,382.52
4/15/2019,348.87,366.36,366.36,366.36,366.36,366.36,366.36,366.36,366.36,366.36,378.725,325.345,366.36,366.36
4/16/2019,359.46,388.66,400.745,388.66,378.315,388.66,388.66,400.745,386.05,388.66,400.745,378.315,378.315,388.66
4/17/2019,354.74,388.66,388.66,386.05,388.66,363.62,388.66,388.66,386.05,386.05,388.66,413.925,391.495,363.62
4/18/2019,360.35,358.085,358.085,364.78,370.645,334.715,364.78,358.085,358.085,363.255,363.255,358.085,363.255,363.255
4/19/2019,360.35,351.1,351.1,355.69,357.525,354.19,351.1,351.1,351.1,351.1,351.1,354.435,354.19,351.1
4/20/2019,360.35,371.32,338.325,371.32,371.32,371.32,338.325,348.435,371.32,371.32,347.185,371.32,371.32,348.435
4/21/2019,360.35,357.295,371.32,338.325,371.32,371.32,371.32,338.325,348.435,371.32,371.32,347.185,371.32,371.32
4/22/2019,377.34,360.55,360.55,360.55,326.465,333.395,360.55,333.395,342.595,360.55,360.55,360.55,360.55,348.435
4/23/2019,381.89,364.485,340.435,352.46,352.46,352.46,371.25,352.46,340.435,371.25,352.46,352.46,353.335,352.46
4/24/2019,374.23,381.46,381.46,381.46,387.37,387.37,387.37,380.72,387.37,381.46,357,381.46,381.46,381.46
4/25/2019,368.33,380.72,381.46,381.46,381.46,380.72,387.37,387.37,380.72,380.72,381.46,357,381.46,381.46
4/26/2019,374.85,363.275,366.16,366.16,364.21,361.325,363.41,366.16,366.16,366.16,366.16,364.21,363.41,363.41
4/27/2019,374.85,351.595,373.62,369.52,369.52,373.62,356.565,351.595,356.565,351.595,351.595,351.595,368.65,351.595
4/28/2019,374.85,369.52,369.52,373.62,369.52,369.52,369.52,373.62,350.84,373.62,368.65,368.65,369.52,368.65
4/29/2019,371.83,353.055,353.055,310.92,300.955,353.055,353.055,353.055,336.465,353.055,353.055,353.055,292.54,292.54
4/30/2019,370.54,356.3,363.01,372.35,356.3,364.555,356.3,359.395,359.395,359.395,356.3,369.255,359.395,359.395
5/1/2019,378.81,362.5,382.265,382.265,382.265,382.265,382.265,379.04,382.265,382.265,382.265,382.265,382.265,382.265
5/2/2019,379.06,326.585,326.585,332.87,357.625,326.585,326.585,357.625,326.585,346.905,377.945,326.585,326.585,326.585
5/3/2019,385.03,356.025,326.435,346.905,356.025,356.025,356.025,331.42,376.495,331.42,346.905,356.025,356.025,356.025
5/4/2019,385.03,359.915,365.22,335.845,364.125,364.125,364.125,359.915,359.915,365.22,364.125,364.125,365.22,365.22
5/5/2019,385.03,354.85,331.83,354.85,354.85,354.85,354.85,336.465,354.85,322.85,354.85,323.72,331.83,331.83
5/6/2019,378.67,353.655,324.715,350.32,350.32,325.435,353.805,353.655,353.655,352.935,352.935,352.935,350.47,352.935
5/7/2019,370.46,378.355,378.355,380.425,380.425,380.425,380.425,380.425,380.425,378.355,380.425,380.425,380.425,349.61
5/8/2019,364.37,380.865,380.865,373.545,371.665,373.545,373.545,373.545,373.545,373.545,371.665,373.545,373.545,373.545
5/9/2019,362.75,364.68,364.68,365.05,364.68,355.48,364.68,360.55,364.68,364.68,364.68,344.42,360.55,360.55
5/10/2019,361.04,353.4,376.2,353.4,353.4,377.94,353.4,353.4,376.2,353.4,388.29,353.4,353.4,376.2
5/11/2019,361.04,360.725,360.725,366.16,344.955,360.725,344.955,360.725,360.725,360.725,360.725,365.495,344.955,360.725
5/12/2019,361.04,379.72,399.435,379.72,379.72,379.72,379.72,379.72,379.72,399.435,399.435,379.72,379.72,379.72
5/13/2019,345.26,347.04,347.04,347.04,348.69,363.06,347.04,347.04,347.04,365.975,348.69,347.04,347.04,363.06
5/14/2019,345.61,360.35,360.35,364,370.89,360.35,360.35,360.35,370.89,374.54,370.89,364,337.895,360.35
5/15/2019,354.99,371.465,344.33,355.695,349.725,344.955,360.725,365.265,349.725,349.725,349.725,349.725,360.725,349.725
5/16/2019,359.31,363.2,363.2,352.46,350.3,360.725,352.46,352.46,366.16,352.46,353.26,352.46,353.26,360.725
5/17/2019,354.45,358.015,355.07,371.465,344.33,350.3,344.955,344.955,360.725,357.23,344.955,344.955,344.955,344.955
5/18/2019,354.45,349.725,368.21,347.355,385.72,365.265,349.725,349.725,365.89,385.72,365.265,349.725,365.89,365.89
5/19/2019,354.45,370.905,375.995,350.375,363.275,364.075,366.16,370.905,369.165,363.275,364.075,364.075,366.16,364.075
5/20/2019,348.11,362.67,362.67,396.99,362.67,362.67,362.67,362.67,362.67,362.67,362.67,396.99,362.67,362.67
5/21/2019,354.27,361.04,361.04,357.745,360.175,361.04,361.04,371.465,350.3,350.3,360.725,360.725,360.725,382.92
5/22/2019,359.73,354.53,354.53,354.53,381.57,376.59,354.53,354.53,354.53,368.46,354.53,376.59,354.53,354.53
5/23/2019,352.21,357.655,354.575,378.42,384.645,367.09,384.645,384.645,384.645,402.025,384.645,402.025,402.025,402.025
5/24/2019,354.39,380.76,377.375,380.76,380.76,380.76,380.765,380.76,380.76,380.76,380.765,380.76,380.765,380.765
5/25/2019,354.39,347.665,339.535,347.665,354.53,354.53,339.535,347.665,347.665,339.535,339.535,354.53,339.535,339.535
5/26/2019,354.39,360.725,362.335,373.625,360.725,379.515,360.725,373.625,353.26,360.725,360.725,373.625,373.625,352.46
5/27/2019,354.39,363.03,381.46,368.94,368.94,368.94,368.94,392.66,357.74,392.66,363.03,368.94,392.66,389.71
5/28/2019,354.78,379.195,362.91,375.145,362.175,375.145,362.175,378.46,375.145,375.145,375.145,375.145,375.145,375.145
5/29/2019,349.19,321.77,324.165,321.77,340.65,340.65,342.83,340.65,361.69,342.83,343.5,342.83,343.5,342.83
5/30/2019,351.85,391.125,389.11,361.235,389.11,361.11,391.125,391.125,363.475,391.125,363.475,363.475,389.11,363.475
5/31/2019,343.28,374.585,352.215,374.585,355.305,362.135,377.94,362.135,377.94,362.135,377.94,355.69,377.94,377.94
6/1/2019,343.28,343.79,351.51,343.79,358.235,343.79,343.79,343.79,349.54,346.89,357.26,346.89,365.575,343.79
6/2/2019,343.28,364.9,364.54,364.9,362.89,364.9,364.9,364.9,364.9,364.9,369.33,363.25,364.9,364.9
6/3/2019,336.63,343.5,348.285,343.5,369.345,361.69,348.285,348.285,340.63,345.24,340.63,369.345,348.285,369.345
6/4/2019,353.4,361.01,371.09,361.01,361.01,361.01,364.76,371.47,361.01,361.01,364.76,364.76,364.76,376.545
6/5/2019,355.73,368.115,371.47,368.115,368.115,368.115,364.365,368.115,368.115,368.115,368.115,368.115,364.76,368.115
6/6/2019,357.13,334.69,340.345,334.69,358.255,358.255,358.255,350.475,358.255,358.255,358.255,358.255,334.69,357.63
6/7/2019,360.87,372.52,360.485,357.1,357.1,357.1,357.1,357.1,362.845,360.485,357.1,357.1,362.845,394.95
6/8/2019,360.87,366.215,368.19,355.345,355.345,366.215,355.345,355.345,355.345,355.345,366.215,355.345,360.615,355.345
6/9/2019,360.87,324.42,324.42,342.61,340.63,324.42,324.42,324.42,324.42,324.42,342.61,367.02,340.63,324.42
6/10/2019,352.01,335.145,356.875,356.875,342.91,335.145,342.83,335.145,356.875,335.815,342.83,335.145,342.83,321.77
6/11/2019,351.27,357.63,357.63,334.065,357.63,340.345,334.065,357.63,336.67,340.345,340.345,357.63,353.955,357.63
6/12/2019,345.56,351.1,327.215,353.365,351.1,354.975,354.975,356.475,354.975,354.975,354.975,351.1,356.475,354.975
6/13/2019,343.43,356.475,365.83,358.255,356.755,365.83,356.475,356.475,356.475,369.705,356.475,356.475,365.83,356.475
6/14/2019,339.73,321.59,344.71,344.71,344.71,344.71,344.71,341.48,344.71,339.9,321.59,344.71,321.59,344.71
6/15/2019,339.73,344.71,342.61,344.71,344.71,344.71,344.71,344.71,342.61,344.71,360.92,342.61,344.71,342.63
6/16/2019,339.73,339.9,339.9,321.59,339.9,339.9,339.9,339.9,339.9,341.48,339.9,339.9,321.59,339.9
6/17/2019,350.62,356.725,325.345,344.36,344.36,344.36,337.71,344.36,344.36,344.36,352.215,337.71,325.345,325.345
6/18/2019,357.12,326.435,326.435,325.585,356.025,326.435,331.42,326.435,331.42,351.19,326.435,356.025,356.175,326.435
6/19/2019,363.52,343.79,349.54,343.79,349.54,343.79,354.16,343.79,343.79,343.79,341.225,343.79,343.79,354.16
6/20/2019,365.21,345.845,345.845,351.595,350.3,356.05,345.845,354.16,345.845,345.845,345.845,341.225,345.845,354.16
6/21/2019,369.21,328.275,328.275,328.275,341.225,328.275,349.54,341.225,332.895,341.225,341.225,328.275,341.225,328.275
6/22/2019,371.04,341.83,341.83,341.83,347.705,341.83,347.705,341.83,341.83,341.83,341.83,341.83,338.39,341.83
6/23/2019,371.04,354.24,355.085,355.085,365.63,366.475,365.63,365.63,351.345,354.24,365.63,362.74,354.24,354.24
6/24/2019,371.04,357.975,357.975,359.215,359.215,357.975,359.215,357.975,357.975,358.37,357.975,357.975,354.21,357.975
6/25/2019,360.3,341.51,339.785,339.785,336.855,336.855,339.785,324.165,339.785,341.51,341.51,341.51,341.51,324.165
6/26/2019,362.2,365.075,365.075,365.075,370.485,365.075,358.685,365.075,365.075,370.485,365.075,365.075,365.075,365.075
6/27/2019,370.02,339.515,339.515,335.325,341.68,335.325,339.515,341.68,341.68,341.68,339.515,339.515,339.515,341.68
6/28/2019,367.32,356.655,358.67,356.655,363.475,358.67,356.655,356.43,356.655,363.475,356.655,358.67,356.655,356.655
6/29/2019,374.6,360.165,366.795,367.5,360.165,360.165,360.165,366.795,357.1,360.165,366.795,360.165,360.165,369.84
6/30/2019,374.6,357.59,354.2,357.59,357.63,357.63,357.59,360.52,357.59,351.31,357.59,357.59,357.59,360.52
7/1/2019,374.6,337.71,337.71,366.535,360.725,337.71,337.71,337.71,337.71,360.725,337.71,360.725,360.725,337.71
7/2/2019,375.43,354.245,364.365,364.365,364.365,364.365,355.965,356.81,364.365,364.365,355.965,356.81,355.965,345.845
7/3/2019,381.72,354.17,364.8,364.8,364.8,364.8,356.195,364.8,364.8,364.8,351.29,354.17,364.8,364.8
7/4/2019,380.55,358.18,358.18,358.18,357.625,358.18,358.18,358.18,358.18,358.18,358.18,342.23,337.8,358.18
7/5/2019,380.55,365.53,365.53,365.53,365.53,362.505,365.53,365.53,365.53,365.53,362.505,365.53,365.53,365.53
7/6/2019,376.16,358.3,358.37,358.37,362.47,358.37,365.04,358.37,358.37,358.37,362.47,365.11,358.37,358.37
7/7/2019,376.16,359.045,354.865,359.045,359.045,359.045,357.545,354.865,359.045,359.045,359.045,359.045,359.045,336.955
7/8/2019,376.16,324.3,344.42,333.395,326.465,344.42,344.42,342.255,333.395,324.3,324.3,335.325,342.255,324.3
7/9/2019,379.93,356.875,342.83,342.83,335.145,356.875,356.875,356.875,356.875,356.875,342.83,337.54,335.145,356.875
7/10/2019,381,346.93,354.905,346.93,369.165,354.905,354.905,354.905,369.165,363.34,369.165,369.165,371.315,354.905
7/11/2019,379.5,346.975,346.975,360.725,368.14,368.14,368.14,360.725,349.435,368.14,368.14,368.14,368.14,368.14
7/12/2019,373.25,369.165,369.165,364.075,369.165,357.82,357.82,365.795,365.795,357.82,357.82,364.075,357.82,357.82
7/13/2019,366.6,368.14,360.725,346.975,346.975,360.725,360.725,360.725,368.14,360.725,344.955,360.725,360.725,368.14
7/14/2019,366.6,357.725,336.555,342.27,357.725,357.725,357.725,357.725,357.725,335.145,357.725,357.725,357.725,357.725
7/15/2019,366.6,354.82,360.08,345.94,346.57,344.66,354.82,344.66,354.82,352.91,344.66,352.91,360.08,352.91
7/16/2019,365.99,366.16,366.16,366.16,366.16,353.26,352.46,366.16,366.16,366.16,366.16,366.16,360.705,347.005
7/17/2019,362.44,356.63,369.095,369.095,369.095,369.095,369.095,364.555,358.075,369.095,369.095,369.095,369.095,369.095
7/18/2019,325.21,338.965,338.965,338.965,338.965,363.06,338.965,338.965,338.965,348.69,354.985,338.965,338.965,348.69
7/19/2019,315.1,363.7,356.835,339.535,356.835,356.835,356.835,339.535,363.7,339.535,339.535,343.53,339.535,350.395
7/20/2019,310.62,354.33,360.435,362.955,360.435,356.79,360.435,356.85,354.42,356.85,356.85,354.33,346.915,354.33
7/21/2019,310.62,360.435,351.19,360.435,357.355,360.435,351.19,360.435,351.55,354.72,354.45,354.72,354.63,351.19
7/22/2019,310.62,354.575,361.04,354.575,354.575,354.575,361.04,354.575,354.575,354.575,358.015,357.745,361.04,361.04
7/23/2019,307.3,338.825,354.76,347.125,338.825,338.825,338.825,345.475,338.825,356.41,338.825,345.475,347.125,347.125
7/24/2019,317.94,357.715,357.715,356.85,357.655,357.715,357.715,357.715,357.655,357.655,357.655,360.175,357.715,356.85
7/25/2019,326.46,356.88,356.88,356.88,356.88,356.88,356.88,356.88,360.175,357.745,356.88,356.88,360.175,357.745
7/26/2019,335.78,345.595,356.88,363.85,366.28,366.28,366.28,366.28,356.88,366.28,363.85,366.28,356.88,366.28
7/27/2019,332.7,367.16,356.3,334.745,343.53,356.3,356.835,356.3,356.3,367.16,356.3,356.3,356.835,356.3
7/28/2019,332.7,329.365,329.365,329.365,327.705,329.365,354.575,351.55,358.015,354.575,354.575,354.575,358.015,354.575
7/29/2019,332.7,347.125,334.355,347.125,347.125,347.125,347.125,347.125,354.76,347.125,347.125,345.475,347.125,345.475
7/30/2019,325.93,326.86,322.2,326.86,340.425,336.165,353.72,357.715,350.395,356.85,353.72,350.395,350.395,350.395
7/31/2019,322.99,354.515,354.515,363.85,345.115,357.82,363.85,357.82,363.85,363.85,363.85,363.85,367.22,357.82
8/1/2019,319.5,366,360.84,360.84,356.3,360.84,360.84,366,360.84,356.3,366,360.84,366,360.84
8/2/2019,318.83,368.02,368.02,368.02,363.275,368.02,368.02,368.02,368.02,363.275,368.02,368.02,368.02,368.02
8/3/2019,307.63,359.84,358.975,359.84,359.84,359.84,362.79,359.84,367.465,359.84,359.84,358.975,359.84,359.84
8/4/2019,307.63,333.395,333.395,333.395,333.395,333.395,333.395,355.85,333.395,324.3,333.395,333.395,342.255,333.395
8/5/2019,307.63,346.55,367.41,367.41,365.33,346.55,367.41,367.41,367.41,365.33,346.55,367.41,367.41,360.36
8/6/2019,310.1,361.085,352.22,352.22,352.22,352.22,361.085,352.22,352.22,352.22,352.22,352.22,352.22,352.22
8/7/2019,304.29,339.615,315.115,311.445,302.34,315.115,302.34,315.115,302.34,315.115,339.615,315.115,315.115,352.39
8/8/2019,315.9,313.4,310.35,317.405,310.35,315.665,310.35,315.665,285.7,315.665,343.365,315.665,315.665,343.365
8/9/2019,308.93,321.17,313.4,339.615,277.69,313.4,302.34,302.34,302.34,277.69,302.34,302.34,314.965,302.34
8/10/2019,310.83,328.54,339.615,342.255,339.615,318.715,342.255,339.615,342.255,339.615,317.605,339.615,342.255,343.82
8/11/2019,310.83,306.61,311.93,321.17,311.93,312.09,311.93,312.09,311.93,311.93,276.22,311.93,311.93,294.31
8/12/2019,310.83,290.305,282.5,282.5,282.5,282.5,294.235,282.335,282.5,282.5,294.235,294.235,290.14,290.565
8/13/2019,312.28,298.77,298.935,294.235,298.935,298.935,298.935,298.935,298.77,298.935,294.235,298.935,298.935,298.77
8/14/2019,299.11,302.615,287.035,298.935,282.5,298.935,298.935,298.935,298.935,287.035,298.935,282.5,298.935,298.935
8/15/2019,295.76,303.34,302.615,287.035,298.935,282.5,298.935,298.935,298.935,298.935,287.035,298.935,282.5,298.935
8/16/2019,302.8,304.97,336.735,336.01,362.315,362.315,362.315,362.315,362.315,362.315,365.02,362.315,365.02,362.315
8/17/2019,309.38,304.02,304.97,307.875,307.15,287.035,298.935,282.5,298.935,298.935,298.935,298.935,287.035,298.935
8/18/2019,309.38,304.97,303.295,304.97,303.34,302.615,282.335,290.565,282.5,282.5,282.5,282.5,294.235,282.335
8/19/2019,309.38,310.83,311.555,311.555,304.97,303.34,302.615,287.035,298.935,282.5,298.935,298.935,298.935,298.935
8/20/2019,298.99,333.475,338.79,338.79,343.365,338.79,348.29,338.79,352.865,338.79,338.79,348.29,343.365,348.29
8/21/2019,297.81,332.28,325.78,342.17,342.17,342.17,347.57,341.06,342.17,341.06,332.29,342.17,341.06,342.17
8/22/2019,296.93,313.365,298.84,298.84,298.84,298.84,323.49,313.4,298.84,298.84,323.49,326.975,323.49,318.945
8/23/2019,291.44,290.23,301.015,306.4,301.015,301.015,299.275,301.015,301.015,284.39,299.275,299.275,332.29,331.165
8/24/2019,294.98,292.84,298.84,313.365,298.84,298.84,298.84,298.84,323.49,313.4,298.84,298.84,323.49,324.44
8/25/2019,294.98,307.56,321.17,309.88,324.44,307.56,324.44,307.56,321.17,307.56,307.56,307.56,323.49,307.56
8/26/2019,294.98,310.35,310.35,324.44,310.35,324.44,299.79,324.44,324.44,324.44,342.255,324.44,324.44,324.44
8/27/2019,291.03,326.975,318.52,318.52,318.52,323.49,307.445,324.44,326.975,343.365,343.365,343.365,343.365,324.44
8/28/2019,291.77,306.415,306.415,306.415,302.325,292.84,313.4,313.365,313.4,302.325,302.325,302.325,326.975,302.325
8/29/2019,296.78,294.625,313.55,294.625,316.735,294.625,284.39,316.735,310.895,310.895,310.895,310.895,325.78,310.895
8/30/2019,293.75,306.855,288.785,288.785,288.785,301.015,288.785,284.39,316.735,301.015,310.895,301.015,301.015,325.78
8/31/2019,289.29,302.93,295.955,301.955,295.955,302.93,295.955,313.4,317.49,323.49,313.365,323.49,323.49,323.49
9/1/2019,289.29,307.56,306.61,307.56,307.56,309.88,307.56,306.61,321.17,307.56,323.49,288.73,307.56,309.88
9/2/2019,289.29,304.06,287.44,330.02,312.09,304.06,304.06,304.06,312.09,312.09,330.02,304.06,304.06,304.06
9/3/2019,289.29,306.4,288.785,306.4,266.26,286.53,286.53,246.39,246.39,246.39,246.39,246.39,286.53,286.53
9/4/2019,291.52,284.39,306.4,284.39,284.39,284.39,304.66,284.39,306.4,284.39,284.39,284.39,284.39,304.66
9/5/2019,293.25,301.955,292.135,301.955,301.955,301.955,302.93,295.955,301.955,301.955,302.93,301.955,313.4,317.49
9/6/2019,290.17,300.06,302.595,313.365,300.06,313.365,313.365,299.275,313.365,296.74,313.365,313.365,299.275,299.275
9/7/2019,294.34,294.115,299.11,293.11,292.135,295.955,293.11,295.955,302.93,295.955,301.955,295.955,302.93,295.955
9/8/2019,294.34,305.64,287.71,280.115,304.06,287.71,287.44,304.06,287.44,305.37,287.44,304.06,304.06,304.06
9/9/2019,294.34,296.855,287.71,300.06,287.71,298.48,287.71,298.48,298.48,279.105,298.48,298.48,298.48,298.48
9/10/2019,287.99,314.11,285.155,282.75,285.155,285.155,285.155,316.515,285.155,307.59,285.155,285.155,285.155,307.59
9/11/2019,288.27,275.635,275.635,275.635,262.86,275.635,293.625,275.635,275.635,275.635,275.635,275.635,301.595,312.09
9/12/2019,288.86,306.4,306.4,288.825,306.4,287.085,284.39,309.095,273.355,284.39,306.4,284.39,306.4,273.895
9/13/2019,294.15,290.235,284.505,290.235,284.505,286.59,284.505,286.59,284.505,288.215,284.505,284.505,284.505,286.59
9/14/2019,294.29,267.84,267.84,267.84,267.84,246.39,267.84,267.84,267.84,246.39,267.84,288.785,306.4,288.785
9/15/2019,294.29,273.135,273.135,278.535,278.535,278.535,304.06,278.535,296.465,278.535,273.135,304.06,278.535,278.535
9/16/2019,294.29,270.34,246.39,267.84,267.84,246.39,246.39,246.39,267.84,267.84,246.39,246.39,267.84,276.45
9/17/2019,298.6,307.765,290.19,287.085,307.765,309.095,309.095,306.4,287.085,309.095,287.085,285.97,309.095,278.03
9/18/2019,291.56,270.34,286.53,270.34,267.84,307.98,286.53,286.53,286.53,246.39,307.98,267.84,267.84,286.53
9/19/2019,286.6,256.58,270.34,256.58,256.58,256.58,256.58,256.58,256.58,246.39,256.58,256.58,256.58,256.58
9/20/2019,270.75,282.615,282.615,278.535,290.21,278.535,268.04,265.76,278.535,278.535,278.535,275.635,278.535,268.04
9/21/2019,265.92,282.615,282.615,282.615,278.535,290.21,278.535,266.87,280.115,278.535,278.535,278.535,287.71,278.535
9/22/2019,265.92,277.52,277.52,277.52,277.52,274.72,277.52,277.52,277.52,277.815,277.52,256.58,253.485,263.675
9/23/2019,265.92,287.495,274.72,287.495,287.495,275.635,287.495,287.495,287.495,262.86,274.72,273.355,276.45,273.355
9/24/2019,254.59,292.925,268.975,292.925,290.445,292.925,270.34,270.34,267.84,270.34,267.84,307.98,267.84,267.84
9/25/2019,264.75,278.475,288.515,278.475,288.515,278.475,278.57,278.475,278.475,278.475,286.085,278.475,278.57,278.57
9/26/2019,263.31,273.075,294.29,292.925,292.925,292.925,296.445,292.925,270.34,294.29,267.84,270.34,267.84,307.98
9/27/2019,263.08,312.635,307.765,282.26,307.765,307.765,293.73,293.73,288.565,312.635,307.765,307.765,288.565,277.52
9/28/2019,267.62,304.06,304.06,304.06,304.06,290.21,304.06,308.165,290.21,290.21,290.21,304.06,304.06,304.06
9/29/2019,267.62,275.33,275.33,275.33,284.81,306.69,275.33,275.33,275.33,275.33,275.33,306.69,301.595,281.8
9/30/2019,267.62,265.335,263.775,266.87,263.775,264.36,264.36,294.22,264.36,282.545,278.545,278.545,278.545,278.475
10/1/2019,269.58,268.335,270.845,270.845,270.845,282.615,270.845,282.52,270.845,280.105,270.845,282.615,282.615,282.615
10/2/2019,268.03,275.97,294.875,307.765,294.875,312.635,312.635,312.635,292.6,307.765,312.635,293.73,293.73,290.21
10/3/2019,268.15,275.675,275.97,275.97,288.565,275.97,277.095,276.025,287.495,277.095,287.495,288.565,288.565,288.565
10/4/2019,272.79,271.475,281.3,285.155,281.3,285.155,285.155,285.155,306.69,292.575,285.155,285.155,285.155,285.155
10/5/2019,274.46,275.97,278.445,294.875,275.97,275.97,307.765,275.97,312.635,312.635,307.765,282.26,307.765,307.765
10/6/2019,274.46,287.44,287.44,287.44,287.44,287.44,287.44,287.44,287.44,287.44,287.44,287.44,287.44,287.44
10/7/2019,274.46,278.8,258.95,258.95,258.95,274.44,258.95,278.8,258.95,273.075,258.95,292.925,274.44,270.34
10/8/2019,270.72,271.475,271.475,275.33,271.475,271.475,271.475,275.33,271.475,275.33,275.33,275.33,275.33,284.81
10/9/2019,267.53,280.39,280.39,281.66,274.06,281.66,281.66,281.66,281.66,271.475,281.66,281.66,281.66,281.66
10/10/2019,280.48,260.61,261.87,260.61,261.87,266.4,261.87,266.4,261.87,260.61,261.87,261.87,261.87,266.4
10/11/2019,282.93,302.97,269.02,261.2025,263.3825,263.3825,263.3825,263.3825,269.02,261.2025,269.02,263.3825,263.3825,263.3825
10/12/2019,285.53,306.99,306.99,306.99,275.45,306.99,306.99,306.99,275.45,264.275,271.84,275.45,275.45,306.99
10/13/2019,285.53,266.84,266.84,266.84,266.84,266.84,266.84,266.84,310.74,310.74,266.84,266.84,266.84,266.84
10/14/2019,285.53,345.245,324.48,345.245,318.335,318.335,318.335,324.48,318.335,345.245,318.335,282.615,324.48,324.48
10/15/2019,284.25,277.76,277.76,277.76,274.06,277.76,292.78,292.78,292.78,292.78,274.06,292.78,292.78,292.78
10/16/2019,286.28,264.275,264.275,275.45,275.45,275.45,275.45,275.45,275.45,275.45,275.45,275.45,275.45,264.275
10/17/2019,293.35,345.245,307.56,345.245,280.205,306.99,306.99,306.99,306.99,275.45,306.99,306.99,306.99,275.45
10/18/2019,275.3,260.61,260.61,260.61,260.61,260.61,260.61,290.24,290.24,260.61,260.61,260.61,260.61,260.61
10/19/2019,278.05,282.595,282.595,282.595,282.595,286.45,327.22,282.615,327.22,318.335,318.335,318.335,306.455,318.335
10/20/2019,278.05,272.81,268.28,268.28,260.61,268.28,268.28,268.28,266.4,274.07,261.87,260.61,261.87,260.61
10/21/2019,278.05,290.62,300.23,290.62,290.62,290.62,290.62,256.08,260.61,295.15,295.15,260.61,260.61,260.61
10/22/2019,266.69,316.225,280.095,302.97,316.225,302.97,302.97,302.97,302.97,291.55,318.335,302.12,318.335,302.12
10/23/2019,271.27,254.875,260.665,260.665,260.665,260.665,260.665,261.87,254.875,254.875,260.665,260.665,303.38,303.38
10/24/2019,,251.235,251.235,251.235,251.235,285.775,251.235,251.235,251.235,251.235,251.235,290.62,285.775,285.775
10/25/2019,,,276.595,269.6,276.595,276.595,276.595,260.665,276.595,276.595,269.6,258.235,260.665,303.38
10/26/2019,,,,276.595,274.165,276.595,276.595,276.595,265.23,276.595,276.595,274.165,300.95,276.595
10/27/2019,,,,,296.695,266.4,272.855,266.4,266.4,266.4,266.4,290.24,290.24,266.4
10/28/2019,,,,,,308.575,303.38,303.38,274.07,303.38,303.38,303.38,327.22,327.22
10/29/2019,,,,,,,253.485,253.485,253.485,253.485,253.485,253.485,253.485,253.485
10/30/2019,,,,,,,,286.45,286.45,286.45,276.69,273.025,284.145,286.45
10/31/2019,,,,,,,,,270.26,270.26,268.43,270.26,270.26,270.26
11/1/2019,,,,,,,,,,263.675,263.675,263.675,263.675,263.675
11/2/2019,,,,,,,,,,,250.49,250.49,250.49,250.49
11/3/2019,,,,,,,,,,,,263.675,263.675,263.675
11/4/2019,,,,,,,,,,,,,261.46,261.46
11/5/2019,,,,,,,,,,,,,,314.835
